id,name,nationality,birthplace,birthday,height,weight,team_id,position
1,乔尔吉尼奥·维纳尔杜姆,荷兰（苏里南）双重国籍,鹿特丹,1990年11月11日,175cm,69kg,1,中前卫
2,J·马蒂普,喀麦隆（德国）双重国籍,波鸿,1991年8月8日,193cm,89kg,1,中后卫
3,丹尼尔·克利里,爱尔兰,都柏林,1996年3月9日,182cm,不详,1,中后卫
7,丹尼尔·斯图里奇,英格兰,英格兰,1989年9月1日,188cm,76kg,1,前锋
8,乔·戈麦斯,英格兰,英格兰,1997年5月23日,188cm,78kg,1,中后卫
10,乔丹·威廉姆斯,威尔士,班戈,1995年11月6日,187cm,77kg,1,后腰
13,乔尔·马蒂普,喀麦隆（德国）双重国籍,波鸿,1991年8月8日,193cm,89kg,1,中后卫
15,乔尔吉尼奥·维纳尔杜姆,荷兰,荷兰,1990年11月11日,175cm,69kg,1,中场
17,乔恩·弗拉纳根,英格兰,利物浦,1993年1月1日,181cm,79kg,1,右后卫
18,亚历克斯·奥克斯拉德-张伯伦,英格兰,英格兰,1993年8月15日,180cm,70kg,1,中场
19,亚历山大·曼宁格,奥地利,萨尔斯堡,1977年6月4日,189cm,83kg,1,门将
20,亚当·博格丹,匈牙利,布达佩斯,1987年9月27日,193cm,82kg,1,门将
21,亚当·拉拉纳,英格兰,圣奥尔本斯,1988年5月10日,176cm,73kg,1,中前卫
22,亚当·菲利普斯,英格兰,加斯坦,1998年1月15日,不详,不详,1,中前卫
23,凯恩·刘易斯,英格兰,伦敦,1998年3月17日,不详,不详,1,右后卫
24,利亚姆·格里芬,英格兰,奥姆斯克,1998年1月14日,不详,不详,1,中场
26,劳埃德·琼斯,英格兰（威尔士）双重国籍,普利茅斯,1995年10月7日,191cm,77kg,1,中后卫
28,卡尔·克莱尔,英格兰,利物浦,1992年9月20日,176cm,67kg,1,中前卫
29,洛里斯·卡柳斯,德国,比伯拉赫,1993年6月22日,189cm,75kg,1,门将
31,史蒂夫·斯汤顿,爱尔兰,德罗赫达,1969年1月19日,187cm,83kg,1,左后卫
33,史蒂夫·麦克马洪,英格兰,利物浦,1961年8月20日,176cm,74kg,1,后腰
34,哈里·威尔逊,威尔士（英格兰）双重国籍,雷克瑟姆,1997年3月22日,173cm,70kg,1,右边锋
37,哲科·布瓦奇,波黑（塞尔维亚）双重国籍,巴尼亚卢卡,1961年9月13日,192cm,82kg,1,中前卫
38,塔伊沃·米歇尔·阿沃尼伊,尼日利亚,伊洛林,1997年8月12日,178cm,71kg,1,前锋
39,塔伊沃·阿沃尼伊,尼日利亚,伊洛林,1997年8月12日,178cm,71kg,1,前锋
40,夏马尔·乔治,英格兰,默西塞德-威勒尔,1998年1月6日,不详,不详,1,门将
41,FromKB多米尼克·索兰克,英格兰（尼日利亚）双重国籍,贝辛斯托克,1997年9月14日,186cm,75kg,1,前锋
42,大卫·罗伯茨,英格兰,利物浦,1997年2月7日,不详,不详,1,左后卫
44,安德烈·维斯当,英格兰,Leeds,1993-05-09,1.86 CM,78KG,1,后卫
45,布拉德·史密斯,澳大利亚/英格兰,彭里斯/澳大利亚,1994年4月9日,178厘米,70公斤,1,左后卫
46,布拉德利·加顿,英格兰,南港,1997年9月6日,不详,不详,1,中前卫
48,哲科·布瓦奇,波黑（塞尔维亚）双重国籍,巴尼亚卢卡,1961年9月13日,192cm,82kg,1,中前卫
49,布鲁斯·格罗贝拉,FromKB 津巴布韦,德班（南非）,1957年10月6日,185cm,83kg,1,门将
50,康纳·马斯特森,爱尔兰,都柏林,1998年9月8日,185cm,75kg,1,中后卫
51,乔恩·弗拉纳根,英格兰,利物浦,1993年1月1日,181cm,79kg,1,右后卫
52,德扬·洛夫伦,克罗地亚,泽尼察,1989年7月5日,188cm,84kg,1,中后卫
53,扬·丹达,英格兰（印度）双重国籍,伯明翰,1998年12月14日,不详,不详,1,右边锋
54,扬·莫尔比,丹麦,科灵,1963年7月4日,185cm,92kg,1,中前卫
55,拉斐尔·卡马乔,葡萄牙（安哥拉）双重国籍,里斯本,2000年5月22日,175cm,不详,1,中前卫
56,丹尼·沃德,威尔士,雷克瑟姆,1993年6月22日,191cm,88kg,2,门将
58,乔纳森·埃文斯,北爱尔兰,贝尔法斯特,1988年1月3日,189cm,89kg,2,中后卫
59,南帕利斯·门迪,法国（塞内加尔）双重国籍,滨海拉塞纳,1992年6月23日,169cm,68kg,2,后腰
60,哈里·马奎尔,英格兰,谢菲尔德,1993年3月5日,194cm,100kg,2,中后卫
61,拉希德·加扎尔,阿尔及利亚（法国）双重国籍,德西尼斯,1992年5月9日,182cm,65kg,2,右边锋
62,纳姆帕利斯·门迪,法国（塞内加尔）双重国籍,滨海拉塞纳,1992年6月23日,169cm,68kg,2,后腰
63,莱昂纳多·乌略亚,阿根廷,阿根廷里奥·内格罗,1986年07月26日,185厘米,75千克,2,前锋
64,亚历山大·拉卡泽特,法国（瓜德罗普岛）双重国籍,里昂,1991年5月28日,175cm,73kg,4,前锋
65,大卫·奥斯皮纳,哥伦比亚,麦德林,1988年8月31日,FromKB 183cm,80kg,4,门将
66,丹尼·维尔贝克,英格兰/加纳,朗塞特,1990年11月26日,185cm,73kg,4,前锋
68,乔恩·托拉尔,西班牙,西班牙,1995-02-05,167.0 CM,65.0 KG,4,后卫
69,亚历山大·拉卡泽特,法国,里昂,1991年5月28日,175cm,73kg,4,前锋
70,佩尔·默特萨克,德国,汉诺威,1984年9月29日,198cm,90kg,4,中后卫
71,加文·霍伊特,特立尼达和多巴哥,London,1990-06-06,178CM,70KG,4,后卫
72,劳伦特·科斯切尔尼,法国,蒂勒,1985年09月10日,186cm,76kg,4,中后卫
73,圣迪亚戈·卡索拉,西班牙,阿斯图里亚斯,1984年12月13日,168cm,66kg,4,中场
75,埃克托·贝莱林,西班牙,巴塞罗那,1995年3月19日,178cm,74kg,4,右后卫
76,塞亚德·科拉希纳茨,波黑,卡尔斯鲁厄（Karlsruhe）,1993年6月20日,180cm,80kg,4,左后卫/左边翼卫
77,奈杰尔·温特伯恩,英格兰,纳尼顿,1963-12-11,174cm,72kg,4,左后卫
78,康纳·亨德森,爱尔兰,London,1991-09-18,185cm,75kg,4,中场
81,彼得·切赫,捷克,捷克比尔森,1982年5月20日,196cm,92kg,4,门将
82,斯蒂凡·利希施泰纳,瑞士,阿德根斯维尔,1984年1月16日,182cm,76kg,4,后卫
83,施科德兰·穆斯塔菲,德国,巴德赫斯菲尔德,1992年4月17日,184cm,FromKB 73Kg,4,后卫
84,格拉尼特·扎卡,瑞士,巴塞尔,1992年9月27日,185cm,82kg,4,后腰
86,梅苏特·厄齐尔,德国,盖尔森基兴,1988年10月15日,181cm,75kg,4,前腰
87,穆罕默德·埃尔内尼,埃及,大迈哈莱,1992年7月11日,180cm,71kg,4,后腰
88,简金森,英格兰,哈洛（英格兰）,1992-02-08,185厘米,77公斤,4,后卫
89,索克拉蒂斯·帕帕斯塔索普洛斯,希腊,卡拉马塔,1988年6月9日,186cm,82kg,4,中后卫
90,纳乔·蒙雷亚尔,西班牙,潘普洛纳,1986年2月26日,179cm,72kg,4,左后卫
92,蒙里亚尔,西班牙,西班牙,1986-02-26,178cm,72kg,4,后卫
93,达米安·马丁内斯,阿根廷,马德普拉塔,1992年9月2日,FromKB 193cm,85kg,4,门将
94,阿隆·拉姆齐,威尔士,卡尔菲利,1990年12月26日,182cm,76kg,4,中场
97,凯文·弗利,爱尔兰,卢顿,1984-11-01,180.0  CM,70.0  KG,5,后卫
98,奥尼安格,刚果（法国）双重国籍,巴黎,1988年11月4日,188cm,79kg,dirty_data,后腰
99,普林斯·奥尼亚戈,刚果（法国）双重国籍,巴黎,1988年11月4日,188cm,79kg,5,后腰
101,贾贝尔,沙特阿拉伯,利雅得（沙特阿拉伯）,FromKB 1972-12-11,172厘米,71公斤,5,前锋
102,安东尼·马夏尔,法国（瓜德罗普岛）双重国籍,马西,1995年12月5日,184cm,76kg,6,左边锋
103,保罗·博格巴,法国（几内亚）双重国籍,巴黎拉尼叙尔马恩,1993年3月15日,191cm,84kg,6,中前卫
106,内马尼亚·马蒂奇,塞尔维亚,马切万州沙巴茨,1988年8月1日,194cm,82kg,6,中场
107,吉列尔莫·瓦雷拉·奥利维拉,乌拉圭,蒙得维的亚,1993-03-24,dirty_data,69千克,6,后卫
109,塞尔吉奥·罗梅罗,阿根廷,Bernardo de Irigoyen,1987年2月22日,1.92米,87公斤,6,守门员
110,安东尼·马夏尔,法国,马西,1995年12月5日,184cm,76kg,6,前锋
112,安东尼奥·瓦伦西亚,厄瓜多尔,苏昆比奥斯省新洛哈,1985年8月4日,181cm,78kg,6,右边后卫/右边锋/右边前卫
113,安德尔·埃雷拉,西班牙,毕尔巴鄂,1989年8月14日,181cm,70kg,6,中场
115,布莱恩·罗布森,英国,达勒姆郡,1957年1月11日,180 cm,73kg,6,中场
116,弗雷德,巴西,贝洛奥里藏特,1993年3月5日,169cm,72kg,6,中前卫
117,胡安·马塔,西班牙,布尔戈斯,1988年4月28日,170cm,63kg,6,边锋
119,詹姆斯·威尔逊,英格兰,英格兰斯塔福德郡比达尔夫,1995年12月1日,180cm(5英尺11英寸),73kg,6,前锋
120,FromKB迈克尔·卡里克,英国,沃尔森德,1981年7月28日,188cm,75Kg,6,中场
121,迪奥戈·达洛特,葡萄牙,布拉加,1999年3月18日,183cm,76kg,6,右后卫
123,阿莱克西斯·桑切斯,智利,托科皮亚,1988年12月19日,168cm,71kg,6,前锋
124,A·佩雷斯,西班牙,圣克鲁斯-特内里费,1993年7月29日,178cm,66kg,7,前锋
125,A·拉扎尔,摩洛哥（意大利）双重国籍,卡萨布兰卡,1992年1月22日,184cm,76kg,7,左后卫
126,乔恩乔·谢尔维,英格兰,罗姆福德,1992年2月27日,184cm,70kg,7,中前卫
127,乔琼·谢尔维,英格兰,罗姆福德,1992年2月27日,184cm,70kg,7,中前卫
128,罗兰多·亚伦斯,英格兰（牙买加）双重国籍,金斯敦,1995年11月16日,175cm,67kg,7,左边锋
129,亚当·阿姆斯特朗,英格兰,西丹顿,1997年2月10日,173cm,69kg,7,前锋
131,伊萨克·海登,英格兰,切姆斯福德,1995年3月22日,187cm,78kg,7,中前卫
132,弗雷迪·伍德曼,英格兰,伦敦,1997年3月4日,189cm,69kg,7,门将
133,保罗·伍尔斯顿,英格兰,北希尔兹,1998年8月14日,180cm,64kg,7,门将
134,保罗·杜梅特,威尔士（英格兰）双重国籍,泰恩河畔纽卡斯尔,1991年9月26日,183cm,77kg,7,左后卫
136,克里斯蒂安·阿特苏,加纳,艾达福阿,1992年1月10日,172cm,68kg,7,右边锋
138,克里斯蒂安·阿特苏·特乌萨姆,加纳,艾达福哈,1992年1月10日,172cm,68kg,7,右边锋
139,赫苏斯·加马斯,西班牙,丰希罗拉,1985年4月10日,182cm,70kg,7,右后卫
140,FromKB弗洛里安·勒热纳,法国,巴黎-伊斯特尔,1991年5月20日,190cm,81kg,7,中后卫
143,卡尔·达尔洛,英格兰（威尔士）双重国籍,北安普顿,1990年10月8日,185cm,79kg,7,门将
146,罗布·埃利奥特,爱尔兰（英格兰）双重国籍,格林尼治,1986年4月30日,190cm,90kg,7,门将
147,昌切尔·姆贝姆巴,刚果民主共和国,金沙萨,1994年8月8日,182cm,80kg,7,中后卫
149,弗洛里安·勒热纳,法国,巴黎-伊斯特尔,1991年5月20日,190cm,81kg,7,中后卫
150,弗雷迪·伍德曼,英格兰,伦敦,1997年3月4日,FromKB 189cm,69kg,7,门将
151,彼得·洛文克兰斯,丹麦,丹麦赫斯霍尔姆,1980-01-29,181.0  CM,75.0  KG,7,前锋
152,德安德烈·叶德林,美国（拉脱维亚）双重国籍,华盛顿州西雅图,1993年7月9日,173cm,73kg,7,右后卫
156,德怀特·盖尔,英格兰（牙买加）双重国籍,伦敦,1990年10月20日,177cm,73kg,7,前锋
158,贾马尔·拉塞尔斯,英格兰,德比郡,1993年11月11日,189cm,83kg,7,中后卫
159,阿赤哈弗·拉扎尔,摩洛哥（意大利）双重国籍,卡萨布兰卡,1992年1月22日,184cm,76kg,7,左后卫
160,贾马尔·拉舍莱斯,英格兰,德比郡,1993年11月11日,189cm,83kg,7,中后卫
161,昌切尔·姆本巴,刚果民主共和国,金沙萨,1994年8月8日,182cm,80kg,7,中后卫
165,保罗·杜梅特,威尔士（英格兰）双重国籍,泰恩河畔纽卡斯尔,1991年9月26日,183cm,77kg,7,左后卫
166,杰克·科尔巴克,英格兰,纽卡斯尔-基灵沃思,1989年10月24日,177cm,72kg,7,中前卫
167,柯蒂斯·古德,FromKB 澳大利亚（英格兰）双重国籍,墨尔本,1993年3月23日,187cm,85kg,7,中后卫
168,米克尔·梅里诺,西班牙,潘普洛纳,1996年6月22日,188cm,78kg,7,中前卫
169,武农·阿尼塔,荷兰,威廉斯塔德,1989-04-04,167厘米,63公斤,7,前卫
170,艾萨克·海登,英格兰,切姆斯福德,1995年3月22日,187cm,78kg,7,中前卫
171,马萨迪奥·海达拉,法国（塞内加尔）双重国籍,特拉珀斯,1992年12月2日,179cm,75kg,7,左后卫
172,FromKB 英格兰,英格兰,罗姆福德,1992年2月27日,184cm,70kg,7,中前卫
173,杰克·科尔巴克,英格兰,纽卡斯尔-基灵沃思,1989年10月24日,177cm,72kg,7,中前卫
174,穆罕穆德·迪亚梅,塞内加尔（法国）双重国籍,克里特尔,1987年6月14日,181cm,80kg,dirty_data,后腰
177,约乔·谢尔维,英格兰,罗姆福德,1992年2月27日,184cm,70kg,7,中前卫
178,约尼奥·谢尔威,英格兰,罗姆福德,1992年2月27日,184cm,70kg,7,中前卫
179,若日尼奥,意大利（巴西）双重国籍,因比图巴,1991年12月20日,180cm,65kg,8,后腰
180,库尔特·祖马,法国（中非）双重国籍,里昂,1994年10月27日,190cm,96kg,8,中后卫
181,刘易斯·贝克,英格兰（牙买加）双重国籍,卢顿,1995年4月25日,182cm,70kg,8,中前卫
182,奥利维尔·吉鲁,法国,尚贝里,1986年9月30日,192cm,88kg,8,中锋
183,蒂莫埃·巴卡约科,法国（科特迪瓦）双重国籍,巴黎,1994年8月17日,189cm,77kg,8,后腰
184,阿扎尔,比利时,比利时拉卢维耶尔,1991年1月7日,1.72米（5英尺8英寸）,69公斤,8,攻击型中场/边锋/前腰
185,伊赛亚·布朗,英格兰（牙买加）双重国籍,彼得伯勒,1997年1月7日,182cm,70kg,8,前锋
187,何塞·达·席尔瓦·博辛瓦,葡萄牙,民主刚果金沙萨,1982年08月24日,180厘米,75公斤,8,后卫
188,凯帕·阿里萨巴拉加,西班牙,Ondarroa,1994年10月3日,186厘米（切尔西官网数据）,85kg（切尔西官网数据）,8,门将
190,凯西·帕尔梅,英格兰,伦敦,1996年11月9日,175cm,68kg,8,前腰
192,刘易斯·贝克,英格兰（牙买加）双重国籍,卢顿,1995年4月25日,182cm,70kg,8,中前卫
193,卡勒姆·哈德森-奥多伊,英格兰（加纳）双重国籍,伦敦,2000年11月7日,1.77 m,74.5 kg,8,中前卫
195,塞萨尔·阿兹皮利奎塔,西班牙,潘普洛纳,1989年8月28日,178厘米,76kg,8,边后卫
196,奥利维尔·吉鲁,法国,尚贝里,1986年9月30日,1.93 m,92 kg,8,前锋
197,威利·卡巴莱罗,阿根廷（西班牙）双重国籍,孔斯蒂图西翁镇,1981年9月28日,186cm,83kg,8,门将
198,威廉·博格斯·达·席尔瓦,巴西,里贝朗普雷图（巴西）,1988年8月9日,175cm,dirty_data,8,右边锋
199,布莱克曼,英格兰（牙买加）双重国籍,伦敦,FromKB 1993年10月27日,199cm,79kg,8,门将
200,凯西·帕尔梅,英格兰,伦敦,1996年11月9日,175cm,68kg,8,前腰
201,库尔特·祖玛,法国（中非）双重国籍,里昂,1994年10月27日,190cm,96kg,8,中后卫
202,恩戈洛·坎特,法国/马里,巴黎,1991年3月29日,168cm,68kg,8,中场
203,杰伊·达席尔瓦,英格兰（巴西）双重国籍,卢顿,1998年4月22日,170cm,62kg,8,左后卫
204,维利·卡巴列罗,阿根廷,孔斯蒂图西翁镇,1981年9月28日,186cm,83kg,8,门将
205,罗伯特·保罗·格林,英格兰,切尔特赛（英格兰）,1980-01-18,190厘米,93公斤,8,门将
206,贾马尔·布莱克曼,英格兰（牙买加）双重国籍,伦敦-克罗伊登,1993年10月27日,199cm,79kg,8,门将
207,迪容·斯特林,英格兰,伦敦,1999年10月24日,180cm,68kg,8,右后卫
208,迪鲍特·库尔图瓦,比利时,比利时,1992年5月11日,1.98米,88公斤,8,门将
209,马科斯·阿隆索,西班牙,马德里,1990年12月28日,188cm,87kg,8,左后卫/左翼卫
211,塞尔日·奥里耶,科特迪瓦,阿比让,1992年12月24日,176cm,76kg,9,右后卫
212,乌戈·洛里斯,法国,尼斯,1986年12月26日,188cm,78kg,9,门将
214,乔·乔丹,苏格兰,卡卢克（苏格兰）,1951-12-15,180cm,71kg,9,助理教练
215,乔希·奥诺马,英格兰,伦敦,1997年4月27日,185cm,64kg,9,中前卫
216,乔治-凯文·恩库杜,法国（喀麦隆）双重国籍,凡尔赛,1995年2月13日,174cm,68kg,9,右边锋
217,亚戈·法尔克·席尔瓦,西班牙,Vigo（西班牙）,1990-01-04,174cm,67kg,9,左前卫/右前卫/前腰
218,史蒂文·杰尔姆·皮纳尔,南非,南非约翰内斯堡,1982-03-17,180厘米,66公斤,9,中场
219,哈里·温克斯,英格兰,赫默尔亨普斯特德,1996年2月2日,178cm,65kg,9,中前卫
220,阿苏·埃科托,喀麦隆,法国,1984年3月24日,178cm,70kg,9,后卫
221,彼得斯,英格兰,伦敦,1997年4月13日,173cm,62kg,9,右后卫
223,埃里克·戴尔,英格兰,切尔滕纳姆,1994年1月15日,193cm,88kg,9,后腰
224,基兰·特里皮尔,英国,英格兰巴里,1990-09-19,178 cm,71.5 kg,9,右边后卫
225,大卫·巴顿,英格兰,Stevenage,1989年2月27日,191cm,83kg,9,门将
226,帕乌·洛佩斯,西班牙,吉罗纳,1994年12月13日,189cm,77kg,9,门将
227,德勒·阿里,英国,米尔顿凯恩斯,1996年4月11日,188cm,76kg,9,前腰
228,恩库杜,法国（喀麦隆）双重国籍,凡尔赛,1995年2月13日,174cm,68kg,9,右边锋
229,扬·费尔通亨,比利时,比利时圣尼古拉斯,1987-04-24,189 cm,87.5 kg,9,后卫
230,本·戴维斯,威尔士,尼思,1993年4月24日,181cm,76kg,9,左后卫
231,毛里西奥·波切蒂诺,阿根廷,圣塔菲墨菲镇,1972年3月2日,182cm,80kg,9,中后卫
232,维克托·万亚玛,肯尼亚,内罗毕,1991年6月25日,184cm,80kg,9,后腰
233,费尔南多·略伦特,西班牙,潘普洛纳,1985年2月26日,195cm,90kg,9,中锋
234,赫德斯通,英格兰,英格兰诺丁汉,1986-12-28,190.0  CM,71.0  KG,9,中场
235,阿苏·埃科托,喀麦隆,法国阿拉斯,1978年4月8日,177厘米,71KG,9,后卫
236,齐里切斯,罗马尼亚,Bacau（罗马尼亚）,1989-11-14,183cm,75kg,9,中后卫
237,阿隆·内曼,英格兰（法国）双重国籍,亚眠,1997年9月26日,170cm,不详,10,右边锋
238,阿莱克斯·加西亚,西班牙,乌尔德科纳,1997年6月28日,173cm,61kg,10,后腰
239,埃梅里克·拉波尔特,法国（西班牙）双重国籍,阿让,1994年5月27日,191cm,85kg,10,中后卫
240,本杰明·门迪,法国（塞内加尔）双重国籍,隆格瑞莫,1994年7月17日,185cm,85kg,10,左后卫
241,伯纳多·席尔瓦,葡萄牙,里斯本,1994年8月10日,173cm,65kg,10,右边锋
242,克劳迪奥·布拉沃,智利（西班牙）双重国籍,韦路高,1983年4月13日,184cm,84kg,10,门将
243,大卫·席尔瓦,西班牙,阿尔基内金,1986年1月8日,170cm,67kg,10,前腰
244,D·席尔瓦,西班牙,拉斯帕尔马斯,1986年1月8日,170cm,67kg,10,前腰
245,杰克·哈里森,英格兰,特伦特河畔斯托克,1996年11月20日,175cm,70kg,10,右边锋
247,约翰·斯通斯,英格兰,巴恩斯利,1994年5月28日,188cm,70kg,10,中后卫
248,勒鲁瓦·萨内,德国（法国）双重国籍,埃森,1996年1月11日,184cm,75kg,10,左边锋
249,马洛斯·莫雷诺,哥伦比亚,麦德林,1996年9月20日,173cm,66kg,10,左边锋
250,亚历山大·津琴科,乌克兰,拉多梅什利,1996年12月15日,175cm,68kg,10,前腰
251,菲尔·福登 （标准词）,dirty_data,斯托克波特,2000年5月28日,171cm,70kg,10,中前卫
252,菲利普·桑德勒,荷兰,阿姆斯特丹,1997年2月10日,190cm,76kg,10,中后卫
253,伊尔凯·京多安,德国,盖尔森基兴,1990年10月24日,180cm,85kg,10,中前卫
255,克劳迪奥·安德雷斯·布拉沃·穆尼奥斯,智利,圣地亚哥-韦路高,1983年4月13日,184cm,84kg,10,门将
256,克劳迪奥·布拉沃,智利,圣地亚哥-韦路高,1983年4月13日,184cm,84kg,10,门将
258,凯尔文·埃图胡,英格兰,尼日利亚卡诺,1988-05-30,180.0  CM,71.0  KG,10,中场
259,凯文·德·布吕纳,比利时,德龙恩,1991年6月28日,181cm,68kg,10,前腰
263,加布里埃尔·热苏斯,巴西,圣保罗,1997年4月3日,175cm,73kg,10,前锋
264,卡约德,尼日利亚,Ibadan,1993-05-08,174厘米,65kg,10,前锋
265,古恩,英格兰（苏格兰）双重国籍,诺维奇,1996年1月22日,196cm,77kg,10,门将
266,哈兰德,挪威,斯塔万格(挪威),1972-11-23,186cm,82kg,10,中前卫
267,坎帕尼,比利时（民主刚果）双重国籍,布鲁塞尔-于克勒,1986年4月10日,193cm,85kg,10,中后卫
268,埃利亚奎姆·芒加拉,法国（比利时）双重国籍,科隆布,1991年2月13日,187cm,84kg,10,中后卫
269,埃利克姆·芒加拉,法国（比利时）双重国籍,科隆布,1991年2月13日,187cm,84kg,10,中后卫
270,埃德·弗朗西斯,英格兰,不详,1999年9月11日,182cm,67kg,10,中后卫
271,埃德森（埃德森·桑塔纳·德·莫赖斯）,巴西（葡萄牙）双重国籍,dirty_data,1993年8月17日,188cm,89kg,10,门将
272,埃梅里克·拉波尔特,法国,阿让,1994年5月27日,191cm,85kg,10,中后卫
275,埃米尔·豪维斯,威尔士,拉内利,1993-09-30,181厘米,78公斤,10,中场
276,基尔·沃克,英格兰,谢菲尔德,1990年5月28日,183cm,83kg,10,右后卫
278,塞利纳,科索沃,普里兹伦,1996年9月9日,181cm,70kg,10,前腰
279,塞尔吉奥·莱昂内尔·阿圭罗,阿根廷（西班牙）双重国籍,布宜诺斯艾利斯,1988年6月2日,173cm,74kg,dirty_data,中锋
281,大卫·安德鲁·西曼,英国,罗瑟勒姆（英格兰）,1963-09-19,191厘米,83公斤,10,门将
282,奥特门迪,阿根廷,布宜诺斯艾利斯,1988年2月12日,183cm,81kg,10,中后卫
283,安东尼·卡塞雷斯,澳大利亚（乌拉圭）双重国籍,悉尼,1992年9月29日,173cm,67kg,10,中前卫
284,安古斯·古恩,英格兰（苏格兰）双重国籍,诺维奇,1996年1月22日,FromKB 196cm,77kg,10,门将
285,尼古拉斯·奥塔门迪,阿根廷,布宜诺斯艾利斯,1988年2月12日,183cm,81kg,10,中后卫
286,德万特·科尔,英格兰,Alderley Edge,1995-05-10,?170.0 CM,60.0 KG,10,前锋
287,德尔弗,英格兰（圭亚那）双重国籍,布拉德福德,1989年11月21日,174cm,60kg,10,中前卫
288,戴维·席尔瓦,西班牙,拉斯帕尔马斯,1986年1月8日,170cm,67kg,10,前腰
290,拉希姆·斯特林,牙买加,牙买加金斯敦,1994年12月08日,170cm,69kg,10,边锋
291,拉波特,法国（西班牙）双重国籍,阿让,1994年5月27日,191cm,85kg,10,中后卫
292,丹尼斯·苏亚雷斯,西班牙,萨尔塞达德卡塞拉斯,1994年1月6日,181cm,72kg,11,中场
293,伊万·拉基蒂奇,克罗地亚,瑞士莱茵费尔登,1988年3月10日,184cm,78kg,11,中前卫
294,内尔松·塞梅多,葡萄牙,里斯本,1993年11月16日,177cm,67kg,11,右边后卫
297,塞尔吉·罗伯托,西班牙,雷乌斯,1992年2月7日,178cm,68kg,11,中场
298,塞尔吉奥·布斯克茨,西班牙,萨瓦德尔,1988年7月16日,189cm,76kg,11,后腰
299,弗朗西斯科·费梅尼亚·法尔,西班牙,西班牙,1991-02-02,174厘米,61公斤,11,中场
300,拉斐尔·阿尔坎塔拉·多·纳斯西门托,巴西/西班牙,巴西圣保罗,1993年2月12日,174cm,71kg,11,中前卫
301,穆尼尔·埃尔·哈达迪·穆罕默德,西班牙,西班牙圣洛伦佐埃斯科里亚尔,1995年9月1日,1.77米,65Kg,11,前锋
302,约迪·阿尔巴,西班牙,奥斯皮塔莱特,1989年3月21日,170cm,68kg,11,左后卫
305,菲利佩·库蒂尼奥,巴西,里约热内卢,1992年6月12日,172cm,68kg,11,前腰（边前腰）
306,萨穆埃尔·乌姆蒂蒂,法国,喀麦隆雅温得,1993年11月14日,182cm,75kg,11,后卫
307,赫伊森·穆里略,哥伦比亚（西班牙）双重国籍,巴兰基亚,1992年5月27日,182cm,78kg,11,中后卫
309,赫苏斯·德拉克鲁斯,西班牙,莱昂（西班牙）,1947-05-07,170厘米,66公斤,11,后卫
310,阿图罗·比达尔,智利,圣地亚哥,1987年5月22日,181cm,77kg,11,中前卫
311,霍恩·米奎尔·托拉尔·哈佩尔,西班牙,西班牙,1995-02-05,167cm,65kg,11,后卫
312,马克-安德烈·特尔施特根,德国,门兴格拉德巴赫,1992年4月30日,187cm,85kg,11,门将
313,马尔科姆·席尔瓦·德·奥利维拉,巴西,圣保罗,1997年2月26日,171cm,71kg,dirty_data,边锋/影子前锋
315,齐博尔,匈牙利,匈牙利考波什堡,1929年8月23日,169厘米,67公斤,11,前锋
316,基科·卡西利亚,西班牙,阿尔科韦尔,1986年10月2日,190cm,84kg,12,门将
317,马塞洛,巴西（西班牙）双重国籍,里约热内卢,1988年5月12日,174cm,72kg,12,左后卫
318,纳乔·费尔南德斯,西班牙,马德里,1990年1月18日,180cm,77kg,12,中后卫
319,丹尼尔·卡瓦哈尔,西班牙,莱加内斯,1992年1月11日,173CM,73kg,12,右后卫
320,卡洛斯·恩里克·卡塞米罗,巴西,圣若泽杜斯坎普斯,1992年2月23日,185cm,84kg,12,防守型中场
321,卢卡斯·巴斯克斯,西班牙,柯蒂斯（Curtis）,1991年7月1日,173cm,70kg,12,右边锋/中场
323,哈维尔·阿库纳,巴拉圭,亚松森,1988年6月23日,175.0CM,70.0KG,12,前锋
325,弗朗西斯科·罗曼·阿拉尔孔·苏亚雷斯（伊斯科）,西班牙,贝纳尔马德纳（西班牙）,1992年4月21日,1.76米,74kg,12,左边锋
326,拉斐尔·瓦拉内,法国,里尔,1993年04月25日,191cm,78kg,12,中后卫
327,杰瑟·罗德里格斯,西班牙,拉斯帕尔玛斯,1993年2月26日,178cm,72kg,12,前锋
329,罗伯托·卡洛斯,巴西,圣保罗州加尔萨市,1973年4月10日,168cm,67kg,12,左后卫
332,丹尼尔·塞瓦略斯·费尔南德斯,西班牙,西班牙塞维利亚,1996年8月7日,176cm,65kg,12,中场
333,马尔科·阿森西奥,FromKB 西班牙,帕尔玛,1996年1月21日,180cm,75kg,12,边锋/中场
335,马里亚诺·迪亚兹,多米尼加/西班牙,西班牙巴塞罗那,1993年8月1日,1.80 m,76 kg,12,前锋
339,丹尼尔·卡里索,葡萄牙,Cascais,1988-08-04,182cm,79kg,13,后卫
340,何塞·卡洛斯·费尔南德斯,西班牙,未知（西班牙）,1987-07-17,176厘米,63公斤,13,前锋
341,加布里埃尔·梅尔卡多,阿根廷,马德林港（阿根廷）,1987-03-18,181厘米,85公斤,13,后卫
342,塞尔吉奥·里科·冈萨雷斯,西班牙,塞维利亚-安达卢西亚,1993年9月1日,194cm,88kg,13,门将
344,塞巴斯蒂安·科尔夏,法国（意大利）双重国籍,努瓦西勒塞克,1990年11月1日,176cm,69kg,13,右后卫
345,安东尼奥·阿尔瓦雷斯,西班牙,马切纳,1955-04-10,185厘米,78公斤,13,后卫
347,尼古拉斯·帕雷哈,阿根廷,阿根廷联邦首都区,1984-01-19,180.0  CM,75.0  KG,13,后卫
348,杰西·纳瓦斯,西班牙,西班牙洛斯·帕拉西奥斯,1985年11月21日,170厘米,60千克,13,中场
349,大卫·索里亚,西班牙,马德里,1993年4月4日,190cm,83kg,13,门将
350,维桑·本耶德尔,法国（突尼斯）双重国籍,萨塞勒,1990年8月12日,170cm,68kg,13,中锋
351,耶德尔,法国（突尼斯）双重国籍,萨塞勒,1990年8月12日,170cm,68kg,13,中锋
352,胡利恩·埃斯库德,法国,沙尔梅,1979-08-17,180.0  CM,79.0  KG,13,后卫
353,蒂莫泰·科沃杰伊恰克,法国,法国,1991-10-01,185.0 CM,84.0 KG,13,后卫
354,扬·奥布拉克,斯洛文尼亚,什科菲亚洛卡,1993年1月7日,189cm,84kg,14,门将
356,托马斯·勒马尔,法国,拜耶-马豪特,1995年11月12日,170cm,58kg,14,左边锋
358,何塞·希门尼斯,乌拉圭,托莱多,1995年1月20日,185cm,77kg,14,中后卫
359,卢卡斯·埃尔南德斯,法国,FromKB 法国,1996年2月14日,184cm,76kg,14,左后卫
362,哈维·曼奎洛,西班牙,马德里,1994年5月5日,180cm,62kg,14,右后卫
366,圣地亚哥·阿里亚斯,哥伦比亚,麦德林,1992年1月13日,177 CM,72 KG,14,右后卫
367,安东尼·格里兹曼,法国,法国马孔,1991年3月21日,176厘米,FromKB 70公斤,14,前锋
368,罗宾·恩加兰德,马拉维,马拉维,1992-11-02,170.0cm,67.0kg,14,前锋
369,托马斯·勒马尔,法国,拜马欧,1995年11月12日,171cm,62kg,14,左边锋
370,斯特凡·萨维奇,黑山,Mojkovac（黑山共和国）,1991年1月8日,188厘米,82公斤,14,中后卫
372,哈维·曼基洛,西班牙,马德里,1994年5月5日,180cm,62kg,14,右后卫
373,比托洛,西班牙,拉斯帕尔马斯,1989年11月2日,184cm,80kg,14,中场
374,科克,西班牙,马德里,1992年1月8日,176cm,74kg,14,中场
375,萨乌尔·尼格斯,西班牙,FromKB 西班牙,1994年11月21日,184cm,76kg,14,中场
377,迭戈·戈丁,乌拉圭,罗萨里奥,1986年2月16日,187cm,79kg,14,中后卫
379,迭戈·科斯塔,西班牙,巴西拉加尔托,1988年10月7日,188cm,FromKB 83kg,14,中锋
381,阿尔瓦罗·莫拉塔,西班牙,马德里,1992年10月23日,189cm（切尔西官网数据）,84.5kg（切尔西官网数据）,14,前锋
384,埃克托·莫雷诺,墨西哥,库利亚坎,1988年1月17日,184cm,81kg,15,左后卫
386,大卫·苏鲁图萨,西班牙,法国罗什福尔,1986年7月19日,186cm,70kg,15,中场
387,扬·安索特吉,西班牙,西班牙贝里亚图亚,1982-07-13,192.0  CM,84.0  KG,15,后卫
388,杰弗里·萨尔蓬,荷兰,阿姆斯特丹,1988-08-03,173厘米,67公斤,15,前卫
389,桑德罗·拉米雷斯,西班牙,拉斯帕尔马斯,1995年7月9日,175cm,71kg,15,前锋
390,特奥·埃尔南德斯,FromKB 法国（西班牙）双重国籍,马赛,1997年10月6日,184cm,78kg,15,左后卫
392,米克尔·冈萨雷斯,西班牙,蒙德拉贡,1985年9月24日,190厘米,74kg,15,后卫
393,米克尔·梅里诺,西班牙,潘普洛纳,1996年6月22日,188cm,78kg,15,中前卫
394,米格尔·莫亚,西班牙,比尼萨莱姆,1984年4月2日,188cm,83kg,15,门将
396,胡安米·希门尼斯,西班牙,科因,1993年5月20日,172cm,63kg,15,前锋
397,勒诺·苏比卡莱,西班牙,西班牙昂达罗亚,1984-02-26,185.0 CM,73.0 KG,15,门将
398,菲利普·蒙塔尼耶,法国,法国,1964-11-15,178厘米,73公斤,15,门将
399,尤里·贝尔基切,西班牙,萨劳斯（西班牙）,1990-02-10,182厘米,80公斤,15,左后卫
400,路易斯·阿科纳达,西班牙,圣塞瓦斯蒂安（西班牙）,1954-06-26,179厘米,78公斤,15,门将
401,阿吉尔特谢,西班牙,西班牙乌苏比尔,1987-02-24,185.0  CM,74.0  KG,15,前锋
402,阿尔科纳达,西班牙,圣塞瓦斯蒂安,FromKB 1954-06-26,179厘米,78公斤,15,门将
403,阿德南·雅努扎伊,比利时,布鲁塞尔,1995年2月5日,182cm,75kg,15,中场
404,阿西尔·伊利亚拉门迪,西班牙,穆特里库,1990年3月20日,179cm,73kg,15,中场
405,伊格纳西·米格尔,西班牙,巴塞罗那,1992年9月28日,188cm,82kg,16,后卫
406,戴维·富斯特,西班牙,西班牙奥利瓦,1982-02-03,178.0  CM,71.0  KG,16,中场
407,斯特凡·什切波维奇,塞尔维亚,塞尔维亚贝尔格莱德,1990-01-10,185厘米,79公斤,16,前锋
408,萨尔迪涅罗,西班牙,西班牙,1990年10月13日,180cm,78Kg,16,前锋
409,伊戈尔·加比隆多,西班牙,西班牙多诺斯蒂亚,1979-02-10,180.0 CM,77.0 KG,17,中场
410,劳尔·加西亚·埃斯库德罗,西班牙,西班牙潘普洛纳,1986年7月11日,1.84m,83.2kg,17,中前卫/后腰
413,伊戈尔·卡塞拉斯,西班牙,维多利亚（西班牙）,1989-07-19,169厘米,61公斤,17,前锋
414,卡洛斯·古尔佩吉,西班牙,西班牙伊鲁内亚,1980-09-19,180.0 CM,75.0 KG,17,中场
415,哈维·埃切贝里亚,西班牙,西班牙比斯开省伊戈雷,1987年07月20日,181厘米,82千克,17,后卫
416,FromKB哈维尔·卡斯蒂略·阿兰布鲁,西班牙,西班牙杜兰戈,1986年03月29日,183厘米,80千克,17,后卫
419,奥斯卡·德马科斯,西班牙,维多利亚(西班牙）,1989-04-14,180厘米,80公斤,17,前锋
420,米克尔·圣·何塞,西班牙,潘普洛纳,1989年5月30日,186cm,75kg,17,后腰
424,费尔南多·阿莫雷别塔·马尔达拉斯,西班牙,委内瑞拉,1985-03-21,192.0CM,77.0KG,17,后卫
425,加布里埃尔·保利斯塔,巴西,圣保罗,1990年11月26日,187cm,84kg,18,中后卫
426,贡萨洛·格德斯,葡萄牙,贝纳文蒂,1996年11月29日,179cm,68kg,18,左边锋
427,丹尼尔·帕雷霍,西班牙,科斯拉达,1989年4月16日,182cm,74kg,18,中前卫
430,何塞·路易斯·加亚,西班牙,佩德雷格尔,1995年5月25日,172cm,66kg,18,左后卫
434,克里斯蒂亚诺·皮奇尼,意大利,佛罗伦萨,1992年9月26日,189cm,77kg,18,右后卫
436,内马尼亚·马克西莫维奇,塞尔维亚,巴尼亚,1995年1月26日,184cm,75kg,18,中场
437,冈卡洛·格德斯,葡萄牙,贝纳文蒂,1996年11月29日,179cm,70kg,18,左边锋
440,凯文·加梅洛,法国,桑利,1987年5月9日,172cm,64kg,18,中锋
442,加布里埃尔·保利斯塔,巴西,圣保罗,1990年11月26日,187cm,72kg,18,中后卫
445,加梅洛,法国,桑利,1987年5月9日,172cm,64kg,18,中锋
446,华斯,丹麦,格拉德萨克斯,1989年5月31日,181cm,74kg,18,中前卫
447,卡洛斯·索莱尔,西班牙,瓦伦西亚,1997年1月2日,183cm,72kg,18,右前卫
449,吉列尔梅·西凯拉,巴西,弗洛里亚诺波利斯（巴西）,1986年04月28日,184厘米,76公斤,18,前卫
450,圣地亚哥·米纳·洛伦佐,西班牙,维戈,1995年12月7日,181cm,77kg,18,中锋
451,埃塞奎埃尔·加雷,阿根廷,罗萨里奥,1986年10月10日,189cm,90kg,18,后卫
452,大卫·纳瓦罗,西班牙,巴伦西亚（西班牙）,1980年5月25日,183cm,76kg,18,中后卫
454,安赫尔·迪尔贝特,西班牙,卡斯特利翁,1983-01-01,185.0  CM,78.0  KG,18,后卫
455,希门尼斯,西班牙,阿尔达亚,1997年3月11日,182cm,74kg,18,中后卫
456,库克林,法国,拉瓦勒,1991年5月13日,177cm,74kg,18,后腰
460,弗朗西斯·科奎林,法国,拉瓦勒,1991年5月13日,177cm,74kg,18,后腰
461,弗朗西斯科·阿尔卡塞尔·加西亚,西班牙,西班牙,1993年8月30日,188.0 CM,80.0 KG,18,前锋
462,拉契奇,塞尔维亚,克拉列沃,1998年3月17日,193cm,81kg,18,中前卫
463,拉托雷,西班牙,瓦伦西亚,1997年11月21日,171cm,64kg,18,左后卫
464,拉西奇,塞尔维亚,克拉列沃,1998年3月17日,193cm,81kg,18,中前卫
465,杰弗里·孔多比亚,法国,内穆尔,1993年2月15日,188cm,80kg,18,后腰
468,杰森·穆里略,哥伦比亚（西班牙）双重国籍,巴兰基亚,1992年5月27日,182cm,78kg,18,FromKB 中后卫
469,桑蒂·米纳,西班牙,维戈,1995年12月7日,181cm,77kg,18,前锋
470,沃斯,丹麦,格拉德萨克斯,1989年5月31日,181cm,74kg,18,中前卫
471,法昆多·隆卡利亚,阿根廷,查哈里（阿根廷）,1987-02-10,179.0CM,76.0KG,18,后卫
472,洛迪高,西班牙（巴西）双重国籍,里约热内卢,1991年3月6日,182cm,77kg,18,中锋
473,丹尼尔·瓦斯,丹麦,格拉德萨克斯,1989年5月31日,181cm,74kg,18,中前卫
474,皮希尼,意大利,佛罗伦萨,1992年9月26日,189cm,77kg,18,右后卫
476,弗朗西斯·科克兰,法国,拉瓦勒,1991年5月13日,177cm,74kg,18,后腰
478,穆利洛,哥伦比亚（西班牙）双重国籍,巴兰基亚,1992年5月27日,182cm,78kg,18,中后卫
479,索勒,西班牙,瓦伦西亚,1997年1月2日,180cm,76kg,18,右前卫
480,亚历克斯·阿莱格里亚,西班牙,普拉森西亚,1994年10月14日,189cm,82kg,19,前锋
482,佩德罗·洛佩斯,西班牙,托伦特,1983年11月1日,174厘米,72.0 KG,19,后卫
483,卡尔·梅贾尼,阿尔及利亚（法国）双重国籍,里昂,1985年5月15日,184cm,84kg,19,中后卫
485,卡洛斯·阿兰达,西班牙,西班牙马拉加,1980-07-27,186.0 CM,82.0 KG,19,前锋
486,吉内尔,西班牙,阿尔沃拉亚,1964-12-31,182厘米,80公斤,19,:后卫
487,奥耶尔·欧拉扎巴,西班牙,伊伦,1989年9月14日,189cm,85kg,19,门将
488,安东尼奥·卢纳,西班牙籍,松塞尔韦拉,1991年3月17日,177cm,68kg,19,左后卫
489,法赫德·阿尔-穆瓦拉德,沙特阿拉伯,吉达,1994年9月14日,167cm,59kg,19,右边锋
490,科克,西班牙,安达卢西亚,1995年9月27日,188cm,88kg,19,门将
491,米格尔·帕利亚多,西班牙,西班牙 瓦伦西亚,1986年6月5日,173厘米,73公斤,19,中场
492,罗杰·马蒂,西班牙,托伦特,1991年1月3日,179cm,74kg,19,前锋
493,西芒·马特·儒尼奥尔,莫桑比克共和国,莫桑比克,1988年06月23日,178厘米,78公斤,19,后卫
495,拉法·霍尔达,西班牙,西班牙圣佩佩图亚,1984-01-11,192.0 CM,80.0 KG,19,前锋
496,丹尼尔·托里比奥,西班牙,西班牙,1988-10-05,184厘米,公斤,20,前卫
498,丹尼斯·切里谢夫,俄罗斯（西班牙）双重国籍,下诺夫哥罗德,1990年12月26日,173cm,68kg,20,左边锋
499,何塞·卡塔拉,西班牙,西班牙比利亚卓约萨,1985年01月01日,180厘米,73千克,20,后卫
501,赫拉德·博尔达斯,西班牙,西班牙曼雷萨,1981-09-11,177.0  CM,70.0  KG,20,前锋
502,何塞·卡塔拉,西班牙,比利亚卓约萨,1984-12-31,175.0 CM,72.0 KG,20,左后卫
503,多里安·德尔维特,法国,Lille,1988-07-25,193厘米,80公斤,20,:后卫
504,恩里克·洛佩斯·德尔加多,西班牙,萨拉曼卡,1988-01-12,169厘米,65公斤,20,后卫
505,托马斯·皮纳,西班牙,马德里,1987-10-14,184cm,75kg,20,前卫
507,楚卡,西班牙,哈卡里利亚,1997年6月10日,181cm,75kg,20,中场
508,约尔迪·巴勃罗·里珀莱斯,西班牙,西班牙,1990-01-01,173厘米,65公斤,20,前卫
509,阿尔弗雷德·恩迪亚耶,法国,法国巴黎,1990-03-06,190.0  CM,87.0  KG,20,中场
511,霍纳坦·多斯桑托斯,墨西哥合众国,墨西哥蒙特雷,1990-04-26,180.0  CM,74.0  KG,20,中场
512,马里奥·加斯帕尔,西班牙,诺韦尔达,1990年11月24日,FromKB 178cm,71kg,20,右后卫
513,克瓦德沃·阿萨莫阿,加纳,阿克拉,1988年12月9日,173cm,75kg,21,中场
515,克里斯蒂安·安萨尔迪,阿根廷,阿根廷罗萨里奥,1986年9月20日,181cm,76kg,21,左后卫 左前卫
516,凯塔·巴尔德,塞内加尔,Arbùcies,1995年3月8日,184cm,77kg,21,左边锋
517,博尔哈·巴莱罗,西班牙,马德里,1985年1月12日,175cm,73kg,21,中前卫
518,卡斯泰格诺斯,荷兰,schiedam(斯希丹,1992年9月27日,187cm,74kg,21,前锋
519,卢卡·卡斯特拉齐,意大利,意大利戈尔贡佐拉,1975年7月19日,1.92米,86kg,21,守门员
520,卢多维奇·比亚比亚尼,法国,巴黎,1988-04-28,175CM,70KG,21,前锋
521,安德烈亚·拉诺基亚,意大利,阿西西,1988-02-16,195cm,80kg,21,后卫
522,马蒂亚·德索洛,意大利,意大利米兰,1993-10-05,172.0cm,69.0kg,21,中场
523,托马索·贝尔尼,意大利,佛罗伦萨,1983年3月6日,185cm,80kg,21,门将
524,拉德加-纳因格兰,比利时,安特卫普,1988年5月4日,176cm,65kg,21,中前卫
525,斯特凡·德弗里伊,荷兰,奥德凯尔克,1992年2月5日,189cm,82kg,21,后卫
526,毛罗·伊卡尔迪,阿根廷,阿根廷罗萨里奥,1993年2月19日,181cm,75kg,21,前锋
527,米兰达,巴西,巴拉那瓦伊,1984年9月7日,186cm,79kg,21,中后卫
528,萨米尔·汉达诺维奇,斯洛文尼亚,斯洛文尼亚卢布尔雅那,1984年7月14日,193厘米,92公斤,21,守门员
530,达尼埃莱·帕德利,意大利,莱科,1985年10月25日,191cm,82kg,21,门将
531,达尼洛·丹布罗西奥,意大利,那不勒斯,1988年9月9日,180厘米,75KG,21,后卫
532,马蒂亚斯·阿吉莱加雷,乌拉圭,巴西阿莱格雷港,1989年4月1日,174 cm,78 kg,21,右后卫/中场
533,马尔科·福萨蒂,意大利,意大利,1992-10-05,180厘米,73公斤,21,前卫
534,丹尼尔·鲁加尼,意大利,卢卡,1994年7月29日,190cm,84kg,22,中后卫
535,吉亚切里尼,意大利,塔拉,1985年5月5日,167CM,67.0KG,22,前锋
536,埃姆雷·詹（坎）,德国（土耳其）双重国籍,法兰克福,1994年1月12日,186cm,74KG,22,中前卫
539,布莱斯·马泰迪,法国（安哥拉）双重国籍,图卢兹,1987年4月9日,180cm,70kg,22,中前卫
540,帕维尔·内德维德,捷克,捷克卡罗维发利州海布市,1972年8月30日,177cm,77kg,22,前腰
541,沃伊切赫·什琴斯尼,波兰,华沙,1990年4月18日,196cm,75kg,22,门将
542,罗德里戈·本坦库尔,乌拉圭,新埃尔韦西亚,1997年6月5日,187cm,72kg,22,中场
543,胡安·夸德拉多,哥伦比亚,内科克利,1988年5月26日,179cm,72kg,22,边锋
545,若奥·坎塞洛,葡萄牙,巴雷罗,1994年5月27日,182cm,74kg,22,边后卫
546,若热·曼努埃尔·阿尔梅达·戈麦斯·安德拉德,葡萄牙,里斯本,1978年4月9日,184厘米,73公斤,22,后卫
549,莫伊塞·基恩,意大利,韦尔切利,2000年2月28日,182cm,67kg,22,前锋
550,莱昂纳多·博努奇,意大利,意大利维泰博,1987年5月1日,190厘米,85公斤,22,中后卫
551,费德里科·贝纳德斯基,意大利,卡拉拉,1994年2月16日,185cm,77kg,22,边锋
552,道格拉斯·科斯塔,巴西（葡萄牙）双重国籍,萨普卡亚,1990年9月14日,172cm,63kg,22,左边锋
554,阿尔贝托·利贝尔塔齐,意大利,未知（意大利）,1992-01-01,185cm,60kg,22,前锋
555,阿莱士·桑德罗,巴西,巴西卡坦杜瓦,1991年1月26日,180cm,80kg,22,左边后卫
556,FromKB 意大利,意大利,那不勒斯(意大利),1982-06-18,180厘米,73公斤,22,中锋
557,马塞洛·埃斯蒂加里维亚,巴拉圭,巴拉圭费尔南多·德拉莫拉,1987-09-21,181厘米,65公斤,22,中场
558,马蒂亚·德西利奥,意大利,米兰,1992年10月20日,182cm,78kg,22,边后卫
559,马里奥·曼祖基奇,克罗地亚,前南斯拉夫斯拉沃尼亚布罗德,1986-05-21,186cm,76kg,22,前锋
560,克里斯蒂安·丹尼尔·莱德斯马,阿根廷,布宜诺斯艾利斯,1982-09-24,180.0  CM,78.0  KG,23,中场
563,冈萨洛·巴雷托,乌拉圭,蒙德维的亚,1992年1月22日,174cm,71kg,23,前锋
564,卢卡斯·雷瓦,巴西/意大利,巴西多拉杜斯,1987年1月9日,179cm,73kg,23,后腰
566,奥根伊·奥纳齐,尼日利亚,贝努埃,1992年12月25日,173.0CM,69.0 KG,23,中场
567,安德烈·迪亚斯,巴西,杜坎普,1979年5月15日,184cm,80kg,23,后卫
568,弗朗西斯科·阿切尔比,意大利,意大利米兰,1988年2月10日,192厘米,77公斤,23,后卫
569,莫迪波·迪亚基特,法国,法国赖恩堡,1987年03月02日,192厘米,84千克,23,后卫
570,费德里科·马尔凯蒂,意大利,意大利格拉巴,1983年2月7日,188cm,76kg,23,守门员
571,路易斯·菲利佩,巴西,科利纳,1997年3月22日,187cm,80kg,23,后卫
572,路易斯·阿尔伯托,西班牙,加迪斯,FromKB 1992年9月28日,182cm,71kg,23,前腰
575,迪亚卡特,法国,法国,1987-03-02,181cm,84kg,23,右后卫
576,阿卜杜拉伊·孔科,法国,法国马赛,1984年3月9日,180cm,77kg,23,后卫
577,路易斯·阿尔伯托,西班牙,加的斯,1992年9月28日,176cm,76kg,23,前锋
578,阿尔瓦罗·冈萨雷斯,乌拉圭,蒙得维的亚（乌拉圭）,1984年10月29日,172厘米,66公斤,23,前卫
579,丹尼尔·德·罗西,意大利,意大利罗马,1983年07月24日,180厘米,FromKB 83千克,24,中场
580,亚历山大·马兰贡·多尼,巴西,巴西容迪亚伊,1979-10-22,194厘米,91公斤,24,门将
581,保罗·卡斯特利尼,意大利,Brescia,1979年03月25日,180.0 CM,74.0 KG,24,后卫
582,保罗·弗拉斯卡托雷,意大利,FromKB 意大利,1992-01-04,187.0CM,84.0KG,24,中场
583,内戈,法国,巴黎,1991年1月15日,179厘米,64公斤,24,后卫
584,吉列尔莫·布尔迪索,阿根廷,阿根廷阿尔托斯·德·齐皮昂,1988-09-26,187CM,86KG,24,后卫
585,哈维尔·帕斯托雷,阿根廷,科尔多瓦（阿根廷中部城市）,1989年6月20日,187CM,78kg,24,中场
586,拉贾·纳英戈兰,比利时,Antwerpen,1988-05-04,175厘米,65千克,24,中场
587,莱昂德罗·格雷科,意大利,意大利罗马,1986-07-19,183.0 CM,76.0 KG,24,中场
588,科斯塔斯·马诺拉斯,希腊,FromKB 希腊,1991年06月14日,186厘米,79公斤,24,后卫
589,胡安·古伊列梅·努内斯·赫苏斯,巴西,巴西贝洛奥里藏特,1991年6月10日,185cm,83kg,24,后卫
590,费德里科·法齐奥,阿根廷,阿根廷,1987年3月17日,195厘米,87kg,24,中后卫
591,贾斯汀·克鲁伊维特,荷兰（苏里南）双重国籍,赞丹,1999年5月5日,171cm,66kg,24,左边锋
592,里贝罗·菲利佩,巴西,巴西（具体未知）,1987-05-28,1.77米,58千克,24,前卫
593,阿德姆·拉贾季奇,塞尔维亚,塞尔维亚新帕扎尔,1991年9月29日,181cm,74 kg,24,中场
594,阿莱克斯·丹尼尔·佩纳,罗马尼亚,罗马尼亚,1990-01-26,190 CM,75 KG,24,门将
595,伯利沙,阿尔巴尼亚（瑞典）双重国籍,普里什蒂纳,1989年3月10日,194cm,82kg,25,门将
596,克里斯蒂安·拉伊蒙迪,意大利,意大利圣乔凡尼比安科,1981-04-30,182.0  CM,74.0  KG,25,中场
597,弗兰切斯科·罗西,意大利,梅拉泰(意大利),1991-04-27,193厘米,82公斤,25,门将
598,莱蒙迪,意大利,意大利,1981-04-30,182厘米,74公斤,25,前卫
599,贝里萨,阿尔巴尼亚（瑞典）双重国籍,普里什蒂纳,1989年3月10日,FromKB 180厘米,82kg,25,门将
600,马克西米利亚诺·莫拉莱斯,阿根廷,格兰纳德罗·巴戈里亚,1987年2月27日,160.0CM,54.0KG,25,中场
601,马西莫·穆塔雷利,意大利,意大利科莫,1978-01-13,178厘米,74公斤,25,中场
602,穆斯塔法·艾尔·卡比尔,摩洛哥,摩洛哥,1988-10-05,178厘米,76 kg,26,前锋
603,尼古拉·穆鲁,意大利,卡利亚里,1994年12月16日,180厘米,64公斤,26,后卫
604,巴托茨·萨拉蒙,波兰,Poznan,1991-05-01,194cm,84KG,26,后卫
605,拉格纳·克拉万,爱沙尼亚,维尔扬迪,1985年10月30日,187cm,85kg,26,中后卫
606,拉里韦,阿根廷,华金·拉里韦,1984.08.20,185cm,82kg,26,： 前锋
607,曼库西,意大利,意大利卡利亚里,1990-03-21,186CM,75KG,26,后卫
608,费德里科·马切蒂,意大利,意大利都灵,1983年02月07日,190厘米,75千克,26,守门员
609,奥雷斯蒂斯·卡尔内齐斯,希腊,雅典,1985年7月11日,190cm,79kg,28,门将
611,何塞·卡列洪,西班牙,西班牙莫特里尔,1987年2月11日,178厘米,73千克,28,边锋
612,FromKB马塞洛·埃斯蒂加里维亚,巴拉圭,巴拉圭,1993-03-29,169.0 CM,74.0 KG,28,前腰
613,卡利杜·库利巴利,塞内加尔（法国）双重国籍,孚日圣迪,1991年6月20日,187cm,89kg,28,中后卫
615,埃尔塞德·胡萨伊,阿尔巴尼亚,斯库台,1994年2月2日,182cm,70kg,28,右后卫
616,大卫·奥斯皮纳,哥伦比亚,麦德林,1988年8月31日,183cm,76kg,28,门将
617,安东尼·雷维耶,法国,法国杜埃-拉-方丹,1979年11月10日,180厘米,77公斤,28,右后卫/进攻型右后卫
618,德力斯·梅尔滕斯,比利时,勒芬（比利时）,1987年5月6日,169cm,61kg,dirty_data,中锋
621,根纳罗·耶佐,意大利,意大利斯塔比亚海堡,1973年06月08日,190厘米,82千克,28,守门员
622,法奥齐·古拉姆,阿尔及利亚（法国）双重国籍,雅雷地区圣普里耶斯,1991年2月1日,184cm,80kg,28,左后卫
624,瓦尔特·加尔加诺,乌拉圭,派桑杜（乌拉圭）,1984-07-23,168厘米,65公斤,28,前卫
625,米格尔·安赫尔·布里托斯,乌拉圭,乌拉圭蒙得维的亚,1985-07-17,188厘米,82公斤,28,后卫
626,胡萨伊·埃尔塞德,阿尔巴尼亚,斯库台,1994年2月2日,182cm,70kg,28,右后卫
627,萨尔瓦托雷·阿罗尼卡,意大利,意大利巴勒莫,1978-01-20,181厘米,78公斤,dirty_data,左后卫
628,姆巴耶·尼昂,法国（塞内加尔）双重国籍,默朗,1994年12月19日,184cm,75kg,29,前锋
631,安德雷亚·贝洛蒂,意大利,贝尔加莫,1993-12-20,181公分,72公斤,29,中锋
632,安蒂莫·伊昂科,意大利,布林迪西,1984-06-10,170cm,74kg,29,前锋
633,尼古拉斯·安德雷斯·布尔迪索,阿根廷,阿根廷阿尔托斯·德·奇皮昂,1981年4月12日,182cm,80kg,29,FromKB 后卫
634,德维泽,意大利,意大利,1980-01-09,173cm,70kg,29,中场
635,朱塞佩·德费乌迪斯,意大利,意大利博拉特,1983-07-10,174.0 CM,66.0 KG,29,中场
636,斯蒂法诺·古贝蒂,意大利,意大利卡利亚里,1984-11-06,180厘米,68公斤,29,前卫
637,费德里克·巴扎雷蒂,意大利,都灵,1981年12月6日,178cm,70kg,29,后卫
638,达尼埃莱·德维泽,意大利,罗马,1980-01-09,73.0  CM,70.0  KG,29,中场
639,迭戈·福塞,意大利,维纳里亚,1968-11-11,185 CM,82 KG,29,中场
640,佩佩·雷纳,西班牙,马德里,1982年8月31日,188cm,86kg,30,门将
642,保罗·马尔蒂尼,意大利,米兰,1968年6月26日,187cm,85kg,30,左后卫
643,加布里埃尔·帕雷塔,意大利（阿根廷）双重国籍,隆桑,1986年2月15日,190cm,80kg,30,中后卫
644,安东尼奥·多纳鲁马,意大利,FromKB 意大利,1990年7月7日,192cm,90kg,30,门将
646,安德烈·孔蒂,意大利,莱科,1994年3月2日,184cm,76kg,30,FromKB 右后卫
647,安德烈·席尔瓦,葡萄牙,波尔图,1995年11月6日,FromKB 185cm,78kg,30,前锋
648,杰梅尔·梅斯巴,阿尔及利亚,Zighoud Youcef,1984年10月9日,179cm,72kg,30,中场
649,蒂莫埃·巴卡约科,法国/科特迪瓦,巴黎,1994年8月17日,189cm,85kg,30,后腰
651,迈克尔·阿加齐,意大利,意大利庞特圣彼得洛,1984年7月3日,189cm,80kg,30,门将
652,里卡多·何塞·阿劳约·费雷拉,葡萄牙,葡萄牙,1992-11-25,190 CM,85Kg,30,后卫
653,彼得·古拉茨西,匈牙利,布达佩斯,1990年5月6日,190cm,75kg,31,门将
655,埃米尔·福斯贝里,瑞典,松兹瓦尔,1991年10月23日,179cm,78kg,31,左边锋
656,康拉德·莱默尔,奥地利,萨尔茨堡,1997年5月27日,180cm,72kg,31,中场
658,彼得·古拉奇,匈牙利,布达佩斯,1990年5月6日,190cm,83kg,31,门将
665,菲利普·库恩,瑞士,德国丁斯拉肯,1998年4月2日,191cm,74kg,31,门将
666,蒂莫·维尔纳,德国,斯图加特,1996年3月6日,181cm,75kg,31,前锋
668,阿拉萨内·普莱阿,法国（马里）双重国籍,里尔,1993年3月10日,181cm,79kg,32,中锋
669,丹尼斯·扎卡里亚,瑞士,日内瓦,1996年11月20日,191cm,80kg,32,中场
670,克里斯托夫·克拉默,德国,索林根,1991年2月19日,191cm,76kg,32,中场
672,克里斯托弗·海梅罗特,德国,翁纳,1981年8月1日,194cm,91kg,32,门将
673,劳尔·博瓦迪利亚,巴拉圭,阿根廷布宜诺斯艾利斯,1987年6月18日,181cm,88kg,32,前锋
674,奥斯卡·温特,瑞典,哥德堡,1985年10月24日,181cm,82kg,32,后卫
675,帕特里克·赫尔曼,德国,乌赫特尔方根,1991年2月12日,179cm,70kg,32,前锋
676,托尼·扬奇克,德国,霍耶斯韦达,1990年4月7日,177cm,76kg,32,后卫
677,托比亚斯·施特罗布尔,德国,慕尼黑,1990年5月12日,188cm,77kg,32,中场
679,托比亚斯·西佩尔,德国,巴德迪尔克海姆,1988年3月22日,183cm,78kg,32,门将
680,扬·索默,瑞士,莫尔日,1988年12月17日,183cm,79kg,32,门将
681,拜伊,比利时,列日,1985-12-27,190厘米,80公斤,32,:门将
682,易卜拉希马·特劳雷,几内亚,法国维勒潘特,1988年4月21日,171cm,61kg,32,中场
684,曼德拉·埃格博,英格兰（尼日利亚）双重国籍,伦敦,1997年8月17日,180cm,69kg,32,右后卫
685,法比安·约翰逊,美国,德国慕尼黑,1987年12月11日,183cm,74kg,32,中场
686,洛厄,德国,德国恩格斯基兴,1988-08-12,193.0  CM,88.0  KG,32,门将
687,穆罕默德·达胡德,德国,阿穆达,1996年1月1日,177cm,67kg,32,后腰
688,米夏埃尔·朗,瑞士,圣加仑,1991年2月8日,185cm,79kg,32,后卫
690,米歇尔·芬克,德国,德国魏布林根,1982-02-01,180.0 CM,76.0 KG,32,中场
691,索尔根·阿扎尔,比利时,拉卢维耶尔,1993年3月29日,174cm,69kg,32,前锋
692,约纳斯·霍夫曼,德国,海德堡,1992年7月14日,176cm,67kg,32,中场
693,约西普·德尔米奇,瑞士,弗赖恩巴赫,1992年8月8日,183cm,81kg,32,前锋
694,里斯·奥克斯福德,英格兰,伦敦,1998年12月16日,190cm,77kg,32,中后卫
695,霍伊巴赫,德国,Neuss,1988-04-12,192厘米,80公斤,32,后卫
696,马丁·斯特兰茨尔,奥地利,奥地利居辛,1980年06月16日,190厘米,80千克,32,后卫
697,马马杜·杜库雷,法国（塞内加尔）双重国籍,达喀尔,1998年5月21日,184cm,75kg,32,中后卫
699,科伦丁·托利索,法国（多哥）双重国籍,塔拉尔,1994年8月3日,181cm,78kg,33,中前卫
700,克拉福特,德国,德国基兴,1988-07-22,185.0 CM,78.0 KG,33,门将
701,哈维·阿隆索·奥拉诺,西班牙,托洛萨,1981年11月25日,183cm,75kg,33,后腰
703,季莫舒克,乌克兰,乌克兰卢特斯克,1979-03-30,181.0  CM,75.0  KG,33,中场
704,戴维·阿拉巴,奥地利,维也纳,1992年6月24日,180cm,78kg,33,左后卫
705,斯文·乌尔赖希,德国,绍恩多夫,FromKB 1988年8月3日,192cm,80kg,33,门将
706,热罗姆·博阿滕,德国,柏林,1988年9月3日,192cm,90kg,33,中后卫
709,蒂亚戈,西班牙,意大利圣彼得罗-韦尔诺蒂科,1991年4月11日,174cm,70kg,33,中场
710,哈维·阿朗索,西班牙,托洛萨,1981年11月25日,183cm,75kg,33,后腰
711,亚历山大·伊萨克,瑞典（厄立特里亚）双重国籍,斯德哥尔摩-索尔纳,1999年9月21日,193cm,70kg,34,前锋
712,FromKB 德国,德国,德国 曼海姆,1972年5月10日,184cm,80kg,34,后卫
713,埃克塞尔·维特塞尔,比利时/法国,马提尼克,1989年1月12日,186厘米,73公斤,34,中场
715,帕科·阿尔卡塞尔,西班牙,托伦特,1993年8月30日,175cm,71kg,34,前锋
716,曼努埃尔·弗里德里希,德国,巴特克罗伊茨纳赫（德国）,1979-09-13,190厘米,78公斤,34,中后卫
717,朱利安·魏格尔,德国,德国巴特艾布灵,1995年9月8日,186cm,72kg,34,中场
718,米切尔·兰格拉克,澳大利亚,澳大利亚埃默瑞德,1988-08-22,191.0  CM,77.0  KG,34,门将
720,耶雷米·托利安,德国,斯图加特,1994年8月8日,182cm,76kg,34,后卫
721,费利克斯·帕斯拉克,德国,波特洛普,1998年5月29日,170cm,74kg,34,右后卫
722,马克西米利安·菲利普,德国,柏林,1994年3月1日,183cm,78kg,34,中前卫
723,马塞尔·施梅尔策,德国,马德堡,1988-01-22,181cm,74kg,34,边后卫
724,克里斯蒂安·富克斯,奥地利,奥地利,1986-04-07,190.0  CM,80.0  KG,35,后卫
725,博东,巴西,Ribeir&amp;atilde;o Preto,07.01.1976,188M,90 kg,35,后卫
726,卡洛斯·卢西亚诺·达席尔瓦,巴西,巴西阿莱格利港,1975年8月2日,169.0 CM,65.0 KG,35,中场
727,塞巴斯蒂安·鲁迪,德国,FromKB 德国,1990年2月28日,180cm,74kg,35,FromKB 后腰
728,尼古拉斯·普莱斯坦,法国,法国尼斯,1981-06-02,184厘米,72公斤,35,中后卫
729,弗兰克·法伦霍斯特,德国,德国卡门,1977-09-24,190.0  CM,85.0  KG,35,后卫
730,汉斯·萨佩,加纳,加纳特马,1976年06月28日,180厘米,68kg,35,后卫
731,纳比尔·本塔莱布,阿尔及利亚（法国）双重国籍,里尔,1994年11月24日,187cm,78kg,35,后腰
732,FromKB 奥地利,奥地利,布雷根茨,1985年1月6日,195cm,87kg,35,门将
733,马蒂亚斯·朔伯,德国,德国马尔,1976-04-08,190.0 CM,94.0 KG,35,门将
734,马蒂贾·纳斯塔西奇,塞尔维亚,塞尔维亚,1993-03-28,187.0 CM,79.0 KG,35,后卫
735,乔纳森·塔赫,德国,汉堡,1996年2月11日,194cm,90kg,dirty_data,中后卫
736,亚历山大·德拉戈维奇,奥地利,维也纳,1991年3月6日,184cm,76kg,36,后卫
737,本杰明·亨里希斯,德国,北莱茵-威斯特法伦州博霍尔特,1997年2月23日,183cm,77kg,36,右后卫
738,卡斯滕·拉梅洛,德国,德国柏林,1974年03月20日,185厘米,80千克,36,中场
739,卡里姆·贝拉拉比,德国（摩洛哥）双重国籍,柏林,1990年4月8日,183cm,76kg,36,前锋
740,卢卡斯·阿拉里奥,阿根廷（意大利）双重国籍,托斯塔多,1992年10月8日,181cm,76kg,36,前锋
741,埃米尔·斯帕希奇,波黑,克罗地亚杜布罗夫尼克,1980-08-18,183.0  CM,77.0  KG,36,后卫
742,尤利安·鲍姆加特林格,奥地利,萨尔茨堡,1988年1月2日,183cm,82kg,36,中场
743,拉尔斯·本德尔,德国,罗森海姆,1989年4月27日,185cm,75kg,36,后腰
746,拉马赞·厄兹詹,奥地利,霍恩埃姆斯,1984年6月28日,187cm,85kg,36,门将
747,斯文·本德尔,德国,罗森海姆,1989年4月27日,185cm,75kg,36,中后卫
749,本杰明·亨里希斯,德国,北莱茵-威斯特法伦州博霍尔特,1997年2月23日,183cm,77kg,36,右后卫
751,朱利安·布兰特,德国,不来梅,1996年5月2日,183cm,82kg,36,左边锋
752,丹尼斯·盖格尔,德国,巴赫,1998年6月10日,172cm,65kg,37,中前卫
753,亚历山大·施托尔茨,德国,普福尔茨海姆,1983年10月13日,189cm,87kg,37,门将
755,亚当·绍洛伊,匈牙利,布达佩斯,1987年12月9日,193cm,82kg,37,前锋
756,伊沙克·贝尔福迪尔,阿尔及利亚/法国,阿尔及尔,1992年1月12日,191cm,86kg,37,前锋
757,佩涅尔·姆拉帕,德国,德国,1991-02-20,193厘米,85公斤,37,前锋
758,凯·黑德林,德国,海德尔堡,1984-06-27,176.0  CM,72.0  KG,37,前锋
759,凯文·福格特,德国,维滕,1991年9月23日,194cm,80kg,37,后卫
760,卢卡斯·鲁普,德国,海德尔堡,1991年1月8日,178cm,64kg,37,中场
761,埃尔明·比查克契奇,波黑,兹沃尔尼克,1990年1月24日,185cm,80kg,37,后卫
762,奥利弗·鲍曼,德国,布莱萨赫(Breisac),1990年6月2日,185cm,70kg,37,门将
763,安德雷·克拉马里奇,克罗地亚,萨格勒布,1991年6月19日,180cm,72kg,37,前锋
764,尼科·舒尔茨,德国,柏林,1993年4月1日,180cm,78kg,37,中场
765,帕维尔·卡德扎贝克,捷克,布拉格,1992年4月25日,182cm,81kg,37,中场
768,丹尼斯·盖格尔,德国,巴赫,1998年6月10日,172cm,65kg,37,中前卫
769,凯文·福格特,德国,波鸿,1991年9月23日,192cm,80Kg,37,中场
771,纳迪姆·阿米里,德国,莱茵兰-普法尔茨州,1996年10月27日,180cm,69kg,37,中场
772,罗宾·哈克,德国,普福尔茨海姆,1998年8月27日,176cm,68kg,37,左边锋
773,莱昂纳多·比当古,德国,莱比锡,1993年12月19日,170cm,60kg,37,中场
774,菲利普·奥克斯,德国,韦尔特海姆,1997年4月17日,175cm,FromKB 73kg,37,左前卫
776,金霍菲,德国,黑默尔,1968年06月27日,192厘米,88公斤,37,裁判
777,保罗·费尔哈赫,荷兰,塞弗讷姆,1983年9月1日,178cm,74kg,38,后卫
778,威廉·德·阿塞维多·弗塔多,巴西,佩洛塔斯,1995年4月3日,176cm,68kg,38,后卫
781,约瑟普·布雷卡罗,克罗地亚,萨格勒布,1998年6月23日,180cm,75kg,38,中场
782,贝纳格里奥,瑞士,瑞士苏黎世,1983-09-08,190.0  CM,89.0  KG,38,门将
783,赫尔沃耶·查莱,克罗地亚,萨格勒布(克罗地亚),1985-03-04,184厘米,74公斤,38,前卫
784,里卡多·米格尔·莫雷拉·达·科斯塔,葡萄牙,葡萄牙奥波尔托,1981-05-16,180厘米,82公斤,38,后卫
785,丹尼尔·奥巴雷,加纳,阿克拉,1990年10月18日,175cm,74kg,39,右后卫
786,丹尼尔·拜尔,德国,科隆,1984年5月18日,176cm,73kg,39,后卫
787,乔纳森·施密德,法国,斯特拉斯堡,1990年6月22日,179cm,79kg,39,后卫
788,伊奥尼斯·热利奥斯,希腊,德国奥格斯堡,1992年4月24日,190cm,80kg,39,门将
789,具滋哲,韩国,韩国,1989年2月27日,183cm,75kg,39,中场
790,凯斯·科瓦克曼,荷兰,皮尔默伦德,1983-06-10,190.0 CM,78.0 KG,39,后卫
791,卡尔森·布拉克,德国,什列斯维希,1984年9月23日,183cm,79kg,39,后卫
792,卡尤比·弗朗西斯科·达·席尔瓦,巴西,圣保罗,1988年7月14日,184cm,85kg,39,中场
793,多米尼克·莱因哈特,德国,德国勒沃库森,1984-12-19,190厘米,78千克,39,右后卫
794,安德烈·哈恩,德国,奥滕多夫,1990年8月13日,185cm,77kg,39,中场
795,康斯坦蒂诺斯·斯塔菲利德斯,希腊,塞萨洛尼基,1993年12月2日,178cm,77kg,39,后卫
797,扬-英沃·卡尔森-布拉克,德国,石勒苏益格,1984年9月23日,188cm,84kg,39,后卫
798,扬·莫拉维克,捷克,布拉格,1989年11月1日,180cm,77kg,39,中场
799,拉尼·赫迪拉,德国,斯图加特,1994年1月27日,188cm,84kg,39,中场
800,拉斐尔·弗拉姆贝格尔,德国,奥格斯堡,1995年9月6日,179cm,73kg,39,后卫
801,格奥尔格·泰格尔,奥地利,奥地利维也纳,1991年2月9日,183厘米,68kg,39,右后卫
803,FromKB具滋哲,韩国,济州,1991年5月28日,187cm,78kg,39,前锋
804,法比安·吉费尔,德国,阿德瑙,1990年5月17日,196cm,93kg,39,门将
805,莫里茨·莱特纳,德国,慕尼黑,1992年12月8日,174cm,69kg,39,中场
806,菲利普·马克斯,德国,菲尔森,1993年9月30日,177cm,77kg,39,后卫
807,西蒙·延奇,德国,FromKB 德国,1976-05-04,196cm,FromKB 96kg,39,门将
808,达乌达·巴,冈比亚,班珠尔,1983年11月12日,FromKB 182cm,74kg,39,前锋
809,迈克尔·图尔克,德国,德国法兰克福,1976-05-28,180.0  CM,66.0  KG,39,前锋
810,马丁·欣特雷格,奥地利,圣法伊特县,1992年9月7日,186cm,83kg,39,后卫
811,蒂姆·马塔夫兹,斯洛文尼亚,戈里塞姆彼得(斯洛文尼亚),1989年1月13日,188厘米,74公斤,39,前锋
812,马塞尔·黑勒,德国,弗雷兴,1986年2月12日,176cm,70kg,dirty_data,中场
813,马文·希茨,瑞士,圣加仑,1987年9月18日,193厘米,89公斤,39,门将
814,乔纳森·耶格,法国,法国吉安,1978-05-23,1.73 米,68公斤,40,前锋
815,亚历山大·施沃洛,德国,威斯巴登,1992年6月2日,189cm,78kg,40,门将
816,克里斯蒂安·京特尔,德国,菲林根-施文宁根,1993年2月28日,184cm,81kg,40,后卫
817,卡马斯,捷克,捷克布罗乌莫夫,1980-03-03,190.0  CM,86.0  KG,40,后卫
818,卢卡·瓦尔德施密特,德国,锡根,1996年5月19日,181cm,73kg,40,前锋
819,卢卡斯·库布勒,德国,波恩,1992年8月30日,182cm,72kg,40,后卫
820,米歇尔·卢姆,丹麦,丹麦,1988-01-09,180cm,70kg,40,后卫
821,塞巴斯蒂安·弗雷斯,德国,德国卡尔斯鲁厄,1985-04-23,183厘米,75公斤,40,中锋
822,尼古拉斯·赫夫勒,德国,于伯林根,1990年3月9日,181cm,78kg,40,中场
823,巴歇尔,德国,洛伊特基希（德国）,1980-07-28,189厘米,86公斤,40,中后卫
824,弗洛里安·尼德莱赫纳,德国,埃伯斯贝格,1990年10月24日,187cm,85kg,40,前锋
825,文森佐·格里福,意大利,德国普福尔茨海姆,1993年4月7日,180cm,72kg,40,中场
826,斯特凡·赖辛格,德国,德国兰茨胡特,1981-09-14,185厘米,82公斤,40,前锋
827,曼努埃尔·古尔德,德国,曼海姆,1991年2月12日,184cm,73kg,40,后卫
828,约里克·拉韦,法国,埃希罗勒,1989年9月12日,178cm,72kg,40,中场
829,尼古拉斯·赫夫勒,德国,于伯林根,1990-03-09,181厘米,78公斤,40,:后腰
830,阿卜德萨克迪,摩洛哥,法国尼斯,1981-01-01,175厘米,70公斤,40,中场
831,阿米尔·阿布拉什,阿尔巴尼亚（瑞士）双重国籍,比绍夫斯采尔,1990年3月27日,172cm,71kg,40,后腰
834,马尔科·特拉齐诺,德国,曼海姆,1991年4月15日,177cm,67kg,40,中场
835,麦克·弗朗茨,德国,萨尔布吕肯,1986年10月14日,182cm,77kg,40,中场
837,阿德里安·拉比奥特,法国,圣莫里斯,1995年4月3日,191cm,71kg,41,中前卫
838,阿方斯·阿雷奥拉,法国（菲律宾）双重国籍,巴黎,1993年2月27日,195cm,88kg,41,门将
839,赫塞,西班牙,拉斯帕尔马斯,1993年2月26日,178cm,73kg,41,左边锋
840,朱利安·德拉克斯勒,德国,北莱茵-威斯特法伦州格拉德贝克,1993年9月20日,187cm,72kg,41,前腰
841,马尔基尼奥斯,巴西（葡萄牙）双重国籍,圣保罗,1994年5月14日,183cm,79kg,41,中后卫
842,厄尔丁,法国,Saint-Claude,1987年2月25 日,179 公分,69 公斤,41,前锋
843,吉安路易吉·布冯,意大利,卡拉拉,1978年1月28日,191cm,83kg,41,门将
844,基祖华克,波兰,格雷菲采,1990年1月29日,186cm,83kg,41,后腰
845,孔布瓦尔,法国,努美阿（法国）,1963-11-16,185厘米,79公斤,41,右后卫
846,安赫尔·迪马利亚,阿根廷,阿根廷罗萨里奥,1988年2月14日,180cm,75kg,41,边锋
847,格热戈日·克里乔维亚克,波兰,波兰,1990-01-29,186厘米,83公斤,41,后卫
848,梅尔武特·埃尔丁奇,法国,法国圣克劳德,1987/2/25,179CM,69 公斤,41,前锋
849,欧蒂桑内·爱德华多,法国,库鲁,1998年1月16日,187cm,83kg,41,前锋
851,潘克拉特,法国,法国巴黎,1980-05-02,190.0  CM,74.0  KG,41,前锋
852,班宁,喀麦隆,喀麦隆杜阿拉,1985-03-19,193.0CM,80.0KG,41,中场
853,蒂安,科特迪瓦,阿比让,1982-02-22,176厘米,72公斤,41,前卫
854,阿德里恩·拉比奥特,法国,圣莫里斯,1995年4月3日,188cm,71kg,41,中前卫
855,马尔科·维拉蒂,意大利,佩斯卡拉,1992年11月5日,165cm,60kg,41,中前卫
856,迪米特里·帕耶,法国,圣皮埃尔,1987年3月29日,175cm,77kg,42,前腰
857,弗洛里安·托万,法国,奥尔良,1993年1月26日,179cm,70kg,42,右边锋
858,乔丹·阿马维,法国,土伦,1994年3月9日,176cm,70kg,42,左后卫
859,伯努瓦·谢鲁,法国,法国苏雷斯尼,1981年05月03日,180厘米,78千克,42,中场
861,克林顿·恩吉埃,喀麦隆,杜阿拉,1993年8月15日,175cm,68kg,42,中锋
863,卡波尔,布基纳法索,博博迪乌拉索,1988年2月9日,181厘米,75公斤,42,前卫
864,史蒂夫·曼丹达,法国,刚果（金）金沙萨,1985年3月28日,186厘米,82 kg,42,FromKB 门将
865,埃道德·西塞,法国,法国,1978年3月30日,186cm,75kg,42,中场
866,根纳罗·布拉西利亚诺,法国,福尔巴克（法国）,1980-03-01,182厘米,78公斤,42,门将
867,希拉尔·穆尼奥斯,法国,法国佩皮尼昂,1983-04-21,187厘米,70公斤,42,门将
868,帕佩·姆博乌,塞内加尔,塞内加尔盖迪亚瓦耶,1988-05-22,190cm,74kg,42,后卫
869,塞德里克·德乌利沃,法国,法国,1989-08-29,179.0 CM,66.0 KG,42,后卫
870,恩吉埃,喀麦隆,杜阿拉,1993年8月15日,175cm,68kg,42,中锋
871,若尔丹·阿马维,法国,土伦,1994年3月9日,176cm,70kg,42,左后卫
872,西里尔·罗尔,法国,法国佩尔蒂,1975-04-15,176厘米,72公斤,42,后卫
874,路易斯·古斯塔沃·迪亚斯,巴西/德国,平达莫尼扬加巴(巴西),1987年7月23日,1.87m,78公斤,42,防守型中场
877,阿迪尔·拉米,法国（摩洛哥）双重国籍,科西嘉岛巴斯蒂亚,1985年12月27日,190cm,88kg,42,中后卫
878,马里奥·巴洛特利,意大利,巴勒莫,1990年8月12日（庚午年）,189cm,88kg,42,前锋
879,哈特姆·本·阿尔法,法国（突尼斯）双重国籍,克拉马尔,1987年3月7日,178cm,70kg,43,前腰
880,帕特里斯·吕齐,法国,阿雅克肖,1980年7月8日,190cm,89kg,43,门将
881,斯蒂芬·达尔马,法国,法国茹埃莱图尔,1979-02-16,186厘米,80公斤,43,中前卫
883,法比恩·勒穆瓦纳,法国,富热尔（法国）,1987-03-16,175厘米,67公斤,43,前卫
884,贾布尔,摩洛哥,普瓦捷,1991-08-24,180厘米,70公斤,43,后卫
885,阿卜杜尔·卡马拉,几内亚,Mamou,1990-02-20,177厘米,70公斤,43,前卫
886,大卫·曼尼克斯,英格兰,利物浦,1985年8月24日,179cm,足球,44,中前卫
887,尼古拉斯·普勒斯当,法国,Nice （法国）,02/06/1981,1.84 m,72 kg,44,后卫
888,巴雷尔·穆科,刚果共和国,刚果共和国黑角,1979年4月5日,177cm,72kg,44,门将
889,布鲁诺·吉安尼,比利时,比利时列日,1991年8月19日,178.0CM,64公斤,44,前锋
890,斯蒂芬·赖特,英格兰,利物浦,1980年2月8日,183cm,80kg,44,右后卫
891,杜蒙,法国,塞克兰（法国）,1982-09-06,182厘米,76公斤,44,前卫
892,大卫·恩戈格,法国（喀麦隆）双重国籍,热讷维耶,1989年4月1日,190cm,79kg,45,前锋
893,弗兰克·西尼奥里诺,法国,马恩河畔诺让,1981-09-19,180.0 CM,68.0 KG,45,后卫
894,乔治斯·察韦拉斯,希腊,希腊雅典,1987-11-26,183厘米,81千克,46,左后卫
895,加扎尔,阿尔及利亚（法国）双重国籍,德西尼斯,1992年5月9日,182cm,65kg,46,右边锋
896,卡米尔·格利克,波兰/德国,亚斯琴别-兹鲁德伊（波兰）,1988年02月03日,190公分,80公斤,46,中后卫
897,卢克曼·阿卜杜尔卡里姆·哈鲁纳,尼日利亚,尼日利亚拉各斯,1990-12-04,185厘米,77公斤,46,中场
898,安德雷亚·拉吉,意大利,意大利拉斯佩齐亚,1984年6月24日,187厘米,82.0 KG,46,后卫
899,凯塔·巴尔德,塞内加尔,Arbùcies,1995年3月8日,184cm,77kg,46,左边锋
900,斯特凡·约维蒂奇,黑山,黑山首都,1989年11月2日,183cm,79kg,46,前腰
901,斯蒂芬·吕菲耶,法国,法国巴约讷,1986-09-27,190厘米,89公斤,46,门将
902,易卜拉欣马·图雷,塞内加尔,达喀尔(塞内加尔),1985-12-17,188厘米,75公斤,46,前锋
903,法尔考,哥伦比亚,圣玛尔塔,1986年2月10日,177cm,75kg,46,前锋
904,纳比尔·迪拉尔,摩洛哥,摩洛哥卡萨布兰卡,1986年02月25日,182厘米,79千克,46,中锋
905,莫坎约,喀麦隆,喀麦隆,1988-11-12,179  CM,76  KG,46,前锋
906,让·雅克·戈索,科特迪瓦,科特迪瓦 阿比让,1983年3月15日,177厘米,73公斤,46,前卫
907,里卡多·阿尔贝托·西尔维拉·卡瓦略,葡萄牙,葡萄牙阿马兰蒂,1978-05-18,183cm,79kg,46,后卫
908,阿尔马米·图雷,马里,巴马科,1996年4月28日,183cm,72kg,46,右后卫
910,扬加·姆比瓦,法国,中非,1989-05-15,180.0 CM,76.0 KG,47,后卫
911,格雷戈里·拉孔布,法国,法国阿尔比,1982-01-11,160.0  CM,58.0  KG,47,FromKB 中场
912,纪尧姆·勒格拉,法国,法国伊苏丹,1990年01月17日,171厘米,67千克,47,中场
913,考塔里,法国,蒙彼利埃（法国）,1990-03-17,180厘米,73公斤,47,后卫
914,西里尔·热内尚,法国,法国尼姆,1975.12.18,177cm,68kg,47,后卫
915,亨利·贝迪莫,喀麦隆,杜阿拉,1984-06-04,177厘米,71公斤,48,左边卫
916,侯瑟姆·奥亚尔,法国（阿尔及利亚）双重国籍,里昂,1998年6月30日,175cm,70kg,48,中前卫
917,克勒克,法国,法国布雷斯地区布尔格,1983-04-18,190.0  CM,77.0  KG,48,后卫
918,克莱芒·格勒尼耶,法国,"Annonay, Finland",1991-01-07,186.0  CM,72.0  KG,48,中场
919,克里斯托弗·雅莱,法国,法国干邑,1983-10-31,178厘米,65公斤,48,右后卫
920,克里斯蒂亚诺·马克斯·戈麦斯,巴西,巴西瓜鲁柳斯,1977年6月3日,180.0  CM,77.0  KG,48,后卫
922,吉米·布里安德,法国,法国塞纳河畔维特里,1985-08-02,180kg,84kg,48,前锋
923,基姆·谢尔斯特伦,瑞典,瑞典桑德维肯,1982-08-24,185cm,87kg,48,中场
924,奥亚尔,法国（阿尔及利亚）双重国籍,里昂,1998年6月30日,175cm,70kg,48,中前卫
925,安东尼·洛佩斯,葡萄牙,法国日沃尔,1990年10月1日,184cm,81kg,48,门将
926,弗罗伦特·巴尔蒙特,法国,里昂,1980年2月2日,169cm,67kg,48,中场
927,纳比尔·费基尔,法国（阿尔及利亚）双重国籍,里昂,1993年7月18日,173cm,72kg,48,前腰
928,雷米·加尔德,法国,拉尔布雷勒,1966-04-03,175cm,72kg,48,后卫
929,奥布雷尼亚克,法国,梅斯(法国),1984-11-10,171厘米,68公斤,50,前卫
930,奥沃·穆萨·马佐,尼日尔,尼亚美,1988年8月25日,190cm,78kg,50,前锋
931,杰雷米·梅内,法国,法国,1987年5月7日,181厘米,73KG,50,影子前锋
932,武贾丁·萨维奇,塞尔维亚,塞尔维亚贝尔格莱德,1990-07-01,194厘米,85公斤,50,中后卫
933,法希德·本·哈尔法拉,法国,法国佩罗讷,1982年10月09日,174厘米,68千克,50,FromKB 中场
934,迭戈·孔滕托,意大利,意大利,1990年5月1日,176厘米,70公斤,50,后卫
935,马修·沙尔梅,法国,比利时布鲁日,1980-10-07,180.0 CM,73.0 KG,50,后卫
